ID,Property,Value
11,First Name,ABC11
11,Last Name,XYZ11
11,Age,11
12,First Name,ABC12
12,Last Name,XYZ12
12,Age,12
21,First Name,ABC21
21,Last Name,XYZ21
21,Age,21
22,First Name,ABC22
22,Last Name,XYZ22
22,Age,22
23,First Name,ABC23
23,Last Name,XYZ23
23,Age,23
24,First Name,ABC24
24,Last Name,XYZ24
24,Age,24
25,First Name,ABC25
25,Last Name,XYZ25
25,Age,25
26,First Name,ABC26
26,Last Name,XYZ26
26,Age,26
27,First Name,ABC27
27,Last Name,XYZ27
27,Age,27
31,First Name,ABC31
31,Last Name,XYZ31
31,Age,31
32,First Name,ABC32
32,Last Name,XYZ32
32,Age,32
41,First Name,ABC41
41,Last Name,XYZ41
41,Age,41
42,First Name,ABC42
42,Last Name,XYZ42
42,Age,42
43,First Name,ABC43
43,Last Name,XYZ43
43,Age,43
44,First Name,ABC44
44,Last Name,XYZ44
44,Age,44
45,First Name,ABC45
45,Last Name,XYZ45
45,Age,45
46,First Name,ABC46
46,Last Name,XYZ46
46,Age,46
51,First Name,ABC51
51,Last Name,XYZ51
51,Age,51
61,First Name,ABC61
61,Last Name,XYZ61
61,Age,61
62,First Name,ABC62
62,Last Name,XYZ62
62,Age,62